Name,SMI
Flavone,C1=CC=C(C=C1)C2=CC(=O)C3=CC=CC=C3O2
CORTISOL,C[C@]12CCC(=O)C=C1CC[C@@H]3[C@@H]2[C@H](C[C@]4([C@H]3CC[C@@]4(C(=O)CO)O)C)O
21-Hydroxypregnenolone,C[C@]12CC[C@H]3[C@H]([C@@H]1CC[C@@H]2C(=O)CO)CC=C4[C@@]3(CC[C@@H](C4)O)C
Chlortetracycline,C[C@]1(c2c(ccc(c2C(=O)C3=C([C@]4([C@@H](C[C@@H]31)[C@@H](C(=C(C4=O)C(=N)O)O)N(C)C)O)O)O)Cl)O
Rosmarinic Acid,C1=CC(=C(C=C1C[C@H](C(=O)O)OC(=O)/C=C/C2=CC(=C(C=C2)O)O)O)O
PE(o40:2),[C@](COP(=O)(O)OCCN)([H])(OC(CCCCCCCCC/C=C\C/C=C\CCCCC)=O)COCCCCCCCCCCCCCCCCCCCC
Tetracycline,C[C@@]1([C@H]2C[C@H]3[C@@H](C(=C(C(=O)[C@]3(C(=C2C(=O)C4=C1C=CC=C4O)O)O)C(=O)N)O)N(C)C)O
Decanoyl-CoA,CCCCCCCCCC(=O)SCCNC(=O)CCNC(=O)[C@@H](C(C)(C)COP(=O)(O)OP(=O)(O)OC[C@@H]1[C@H]([C@H]([C@@H](O1)N2C=NC3=C2N=CN=C3N)O)OP(=O)(O)O)O
SM(30:1),[C@](COP(=O)([O-])OCC[N+](C)(C)C)([H])(NC(CCCCCCCCCCC)=O)[C@]([H])(O)CC=CCCCCCCCCCCCC
PC(o40:4),[C@](COP(=O)([O-])OCC[N+](C)(C)C)([H])(OC(CCCCC/C=C\C/C=C\C/C=C\C/C=C\CCCCC)=O)COCCCCCCCCCCCCCCCCCC
PS(51:12),C(O)(=O)[C@@]([H])(N)COP(OC[C@]([H])(OC(CC=CCC=CCC=CCC=CCC=CCC=CCCCCCCC)=O)COC(CC=CCC=CCC=CCC=CCC=CCC=CCCCCCCCC)=O)(=O)O
TG(45:0),C(OC(=O)CCCCCCCCCCCCCCC)[C@]([H])(OC(CCCCCCCCCCCCCCC)=O)COC(CCCCCCCCCCCC)=O
TG(55:6),C(OC(=O)CCCCCC/C=C\C/C=C\C/C=C\CCCCC)[C@]([H])(OC(CCCCCCCCC/C=C\C/C=C\CCCCC)=O)COC(CCCCCCC/C=C\CCCCC)=O
TG(48:2),C(OC(=O)CCCCCCC/C=C\CCCCCCCC)[C@]([H])(OC(CCCCCCC/C=C\CCCCCCCC)=O)COC(CCCCCCCCCCC)=O
Palmitic acid,CCCCCCCCCCCCCCCC(=O)O
Leukotriene B4,CCCCC/C=C\C[C@H](/C=C/C=C/C=C\[C@H](CCCC(=O)O)O)O
PS(42:11),C(O)(=O)[C@@]([H])(N)COP(OC[C@]([H])(OC(CCC/C=C\C/C=C\C/C=C\C/C=C\C/C=C\CC)=O)COC(CC/C=C\C/C=C\C/C=C\C/C=C\C/C=C\C/C=C\CC)=O)(=O)O
GlcCer(d42:2),[C@](CO[C@@H]1O[C@H](CO)[C@@H](O)C(O)C1O)([H])(NC(CC=CCCCCCCCCCCCCCCCCCCCC)=O)[C@]([H])(O)CC=CCCCCCCCCCCCC
LPE(o18:0),[C@](COP(=O)(O)OCCN)([H])(O)COCCCCCCCCCCCCCCCCCC
PC(14:0/16:0),[C@](COP(=O)([O-])OCC[N+](C)(C)C)([H])(OC(CCCCCCCCCCC)=O)COC(CCCCCCCCCCCCCCCCC)=O
Prostaglandin D2,CCCCC[C@@H](/C=C/[C@@H]1[C@H]([C@H](CC1=O)O)C/C=C\CCCC(=O)O)O
PE(22:0/18:2),[C@](COP(=O)(O)OCCN)([H])(OC(CCCCCCCCC/C=C\C/C=C\CCCCC)=O)COC(CCCCCCCCCCCCCCCCCCC)=O
DGDG(34:2),C(O[C@@H]1O[C@H](CO[C@H]2O[C@H](CO)[C@H](O)C(O)C2O)[C@H](O)C(O)C1O)[C@]([H])(OC(CC=CCCCCCCCCCCCCC)=O)COC(CC=CCCCCCCCCCCCCC)=O
TG(62:2),C(OC(=O)CCCCCCCCCCC/C=C\C/C=C\CCCCC)[C@]([H])(OC(CCCCCCCCCCCCCCCCCCCCC)=O)COC(CCCCCCCCCCCCCCCCC)=O
TG(59:6),C(OC(=O)CCCCCCCCCCC/C=C\C/C=C\CCCCC)[C@]([H])(OC(CCC/C=C\C/C=C\C/C=C\C/C=C\CCCCC)=O)COC(CCCCCCCCCCCCCCCC)=O
Daidzein,C1=CC(=CC=C1C2=COC3=C(C2=O)C=CC(=C3)O)O
PE(19:0/22:6),[C@](COP(=O)(O)OCCN)([H])(OC(CCCCCCCCCCCCCCCCCC)=O)COC(CC/C=C\C/C=C\C/C=C\C/C=C\C/C=C\C/C=C\CC)=O
PS(53:17),C(O)(=O)[C@@]([H])(N)COP(OC[C@]([H])(OC(CC=CCC=CCC=CCC=CCC=CCC=CCC=CCC=CCC=CC)=O)COC(CC=CCC=CCC=CCC=CCC=CCC=CCC=CCC=CCC=CCC=CC)=O)(=O)O
Cer(42:2),[C@](CO)([H])(NC(CC=CCCCCCCCCCCCCCCCCCCCC)=O)[C@]([H])(O)CC=CCCCCCCCCCCCC
LPC(19:0),[C@](COP(=O)([O-])OCC[N+](C)(C)C)([H])(O)COC(CCCCCCCCCCCCCCCCCC)=O
PE(p34:0),[C@](COP(=O)(O)OCCN)([H])(OC(CCCCCCCCCCCCCCCCC)=O)CO/C=C\CCCCCCCCCCCCCC
PC(31:2),[C@](COP(=O)([O-])OCC[N+](C)(C)C)([H])(OC(CCCCCCC/C=C\CCCCC)=O)COC(CCCCCCC/C=C\CCCCCC)=O
TG(57:0),C(OC(=O)CCCCCCCCCCCCCCCCCCCCC)[C@]([H])(OC(CCCCCCCCCCCCCCCCCCCCC)=O)COC(CCCCCCCCCCCC)=O
LPC(26:7),C[N+](C)(C)CCOP(OC[C@]([H])(O)COC(CC=CCC=CCC=CCC=CCC=CCC=CCC=CCCCC)=O)(=O)O
PE(28:0),[C@](COP(=O)(O)OCCN)([H])(OC(CCCCCCCCCCCCCCC)=O)COC(CCCCCCCC[C@H](C)CCCCCCCC)=O
DGDG(16:0/19:1),C(O[C@@H]1O[C@H](CO[C@H]2O[C@H](CO)[C@H](O)C(O)C2O)[C@H](O)C(O)C1O)[C@]([H])(OC(CC=CCCCCCCCCCCCCCC)=O)COC(CC=CCC=CCCCCCCCCCCCC)=O
LPC(22:2),[C@](COP(=O)([O-])OCC[N+](C)(C)C)([H])(O)COC(CCCCCCCCCCC/C=C\C/C=C\CCCCC)=O
PS(44:11),C(O)(=O)[C@@]([H])(N)COP(OC[C@]([H])(OC(CC=CCC=CCC=CCC=CCC=CCC=CCCC)=O)COC(CC=CCC=CCC=CCC=CCC=CCC=CCC=CC)=O)(=O)O
Fumonisin B1,CCCC[C@@H](C)[C@H]([C@H](C[C@@H](C)C[C@@H](CCCC[C@H](C[C@@H]([C@H](C)N)O)O)O)OC(=O)C[C@@H](CC(=O)O)C(=O)O)OC(=O)C[C@@H](CC(=O)O)C(=O)O
PC(22:2),C[N+](C)(C)CCOP(OC[C@]([H])(OC(CC=CCCCCCCC)=O)COC(CC=CCCCCCCC)=O)(=O)O
DGDG(32:2),C(O[C@@H]1O[C@H](CO[C@H]2O[C@H](CO)[C@H](O)C(O)C2O)[C@H](O)C(O)C1O)[C@]([H])(OC(CC=CCCCCCCCCCCCC)=O)COC(CC=CCCCCCCCCCCCC)=O
Cer(44:1),[C@](CO)([H])(NC(CCCCCCCCCCCCCCCCCCCCCCCCC)=O)[C@]([H])(O)CC=CCCCCCCCCCCCC
Acetylcarnitine,CC(=O)O[C@H](CC(=O)[O-])C[N+](C)(C)C
PE(o32:1),[C@](COP(=O)(O)OCCN)([H])(OC(CCCCCCC/C=C\CCCC)=O)COCCCCCCCCCCCCCCCCCC
PS(18:0/22:6),C(O)(=O)[C@@]([H])(N)COP(OC[C@]([H])(OC(CCCCCCCCC/C=C\CCCCCCCC)=O)COC(CCC/C=C\C/C=C\C/C=C\C/C=C\C/C=C\CC)=O)(=O)O
PC(17:0/20:1),[C@](COP(=O)([O-])OCC[N+](C)(C)C)([H])(OC(CCCCCCCCC/C=C\CCCCCCCC)=O)COC(CCCCCCCCCCCCCCCC)=O
MGDG(16:3/18:3),C(O[C@@H]1O[C@H](CO)[C@H](O)C(O)C1O)[C@]([H])(OC(CCCCC/C=C\C/C=C\C/C=C\CC)=O)COC(CCCCCCC/C=C\C/C=C\C/C=C\CC)=O
TG(56:8),C(OC(=O)CCC/C=C\C/C=C\C/C=C\C/C=C\C/C=C\CC)[C@]([H])(OC(CCCC/C=C\C/C=C\C/C=C\CCCCC)=O)COC(CCCCCCCCCCCCCCCCC)=O
Dethiobiotin,C[C@H]1[C@H](NC(=O)N1)CCCCCC(=O)O
LPE(14:0/0:0),CCCCCCCCCCCCCC(=O)OC[C@@H](O)CO[P]([O-])(=O)OCC[NH3+]
PE(34:4),[C@](COP(=O)(O)OCCN)([H])(OC(CCCCCC/C=C\C/C=C\C/C=C\CCCCC)=O)COC(CCCCCCC/C=C\CCCC)=O
DGDG(18:0/18:1),C(O[C@@H]1O[C@H](CO[C@H]2O[C@H](CO)[C@H](O)C(O)C2O)[C@H](O)C(O)C1O)[C@]([H])(OC(CC=CCCCCCCCCCCCCCC)=O)COC(CC=CCC=CCCCCCCCCCCC)=O
PE(o36:2),[C@](COP(=O)(O)OCCN)([H])(OC(CCCCCCC/C=C\C/C=C\CCCCC)=O)COCCCCCCCCCCCCCCCCCC
9-HODE,CCCCC/C=C\C=C\C(CCCCCCCC(=O)O)O
TG(49:4),C(OC(=O)CCCCCCCCC/C=C\C/C=C\CCCCC)[C@]([H])(OC(CCCCCCC/C=C\C/C=C\CCCC)=O)COC(CCCCCCCCCCC)=O
TG(58:1),C(OC(=O)CCCCCCCCCCCCCCCCCCCCC)[C@]([H])(OC(CCCCCCCCCCCCCCCCCCCCC)=O)COC(CCCCCCC/C=C\CCCC)=O
PC(o33:1),[C@](COP(=O)([O-])OCC[N+](C)(C)C)([H])(OC(CCCCCCCCCCCC)=O)CO/C=C\CCCCCCCCCCCCCCCCCC
Secologanin,COC(=O)C1=CO[C@H]([C@@H]([C@@H]1CC=O)C=C)O[C@H]2[C@@H]([C@H]([C@@H]([C@H](O2)CO)O)O)O
DG(38:1),OC[C@]([H])(OC(CCCCCCCCCCCCCCCCCCCCC)=O)COC(CCCCCCC/C=C\CCCCCC)=O
DG(38:2),OC[C@]([H])(OC(CCCCCCCCC/C=C\CCCCCCCC)=O)COC(CCCCCCC/C=C\CCCCCCCC)=O
PC(40:14),C[N+](C)(C)CCOP(OC[C@]([H])(OC(CC=CCC=CCC=CCC=CCC=CCC=CCC=CC)=O)COC(CC=CCC=CCC=CCC=CCC=CCC=CCC=CC)=O)(=O)O
Cer(d18:1/22:1),[C@](CO)([H])(NC(CC=CCCCCCCCCCCCCCCCCCC)=O)[C@]([H])(O)CC=CCCCCCCCCCCCC
TG(50:2),C(OC(=O)CCCCCCC/C=C\CCCCCCCCC)[C@]([H])(OC(CCCCCCC/C=C\CCCCCCCCC)=O)COC(CCCCCCCCCCC)=O
Abscisic Acid,CC1=CC(=O)CC(C1(/C=C/C(=C\C(=O)O)/C)O)(C)C
DETHIOBIOTIN,C[C@H]1[C@H](NC(=O)N1)CCCCCC(=O)O
TG(57:2),C(OC(=O)CCCCCCCCC/C=C\CCCCCCCCCC)[C@]([H])(OC(CCCCCCCCC/C=C\CCCCCCCCCC)=O)COC(CCCCCCCCCCCC)=O
PE(38:2),[C@](COP(=O)(O)OCCN)([H])(OC(CCCCCCCCC/C=C\CCCCCCCCCC)=O)COC(CCCCCCC/C=C\CCCCCC)=O
TG(53:5),C(OC(=O)CCCCC/C=C\C/C=C\C/C=C\C/C=C\CCCCC)[C@]([H])(OC(CCCCCCC/C=C\CCCCCCC)=O)COC(CCCCCCCCCCCCC)=O
LPC(18:3),[C@](COP(=O)([O-])OCC[N+](C)(C)C)([H])(O)COC(CCCC/C=C\C/C=C\C/C=C\CCCCC)=O
PE(22:1/22:6),[C@](COP(=O)(O)OCCN)([H])(OC(CC/C=C\C/C=C\C/C=C\C/C=C\C/C=C\C/C=C\CC)=O)COC(CCCCCCCCC/C=C\CCCCCCCCCC)=O
PE(22:4/22:6),[C@](COP(=O)(O)OCCN)([H])(OC(CC/C=C\C/C=C\C/C=C\C/C=C\C/C=C\C/C=C\CC)=O)COC(CCCCC/C=C\C/C=C\C/C=C\C/C=C\CCCCC)=O
PS(32:0),C(O)(=O)[C@@]([H])(N)COP(OC[C@]([H])(OC(CCCCCCCCCCCCCCCCCCC)=O)COC(CCCCCCCCCCC)=O)(=O)O
LPC(22:0),[C@](COP(=O)([O-])OCC[N+](C)(C)C)([H])(O)COC(CCCCCCCCCCCCCCCCCCCCC)=O
HYDROCORTISONE,C[C@]12CCC(=O)C=C1CC[C@@H]3[C@@H]2[C@H](C[C@]4([C@H]3CC[C@@]4(C(=O)CO)O)C)O
PC(o34:4),[C@](COP(=O)([O-])OCC[N+](C)(C)C)([H])(OC(CCCC/C=C\C/C=C\C/C=C\C/C=C\CC)=O)COCCCCCCCCCCCCCCCC
PC(24:0/22:6),C[N+](C)(C)CCOP(OC[C@]([H])(OC(CC=CCC=CCC=CCCCCCCCCCCCCC)=O)COC(CC=CCC=CCC=CCCCCCCCCCCCCC)=O)(=O)O
PIP(38:4),CCCCCCCCCCCCCCCCCC(=O)OC[C@H](CO[P](O)(=O)O[C@H]1C(O)C(O)C(O)[C@@H](O[P](O)(O)=O)C1O)OC(=O)CCC\C=C/C/C=C\C\C=C/C/C=C\CCCCC
PE(18:0/18:1),[C@](COP(=O)(O)OCCN)([H])(OC(CCCCCCCCCCCCCCC)=O)COC(CCCCCCCCC/C=C\CCCCCCCC)=O
TG(47:0),C(OC(=O)CCCCCCCCCCCCCCC)[C@]([H])(OC(CCCCCCCCCCCCCCC)=O)COC(CCCCCCCCCCCCCC)=O
12R-HETE,CCCCC/C=C\C[C@H](/C=C/C=C\C/C=C\CCCC(=O)O)O
PC(16:0/18:2),[C@](COP(=O)([O-])OCC[N+](C)(C)C)([H])(OC(CCCC/C=C\C/C=C\CCCCCCCC)=O)COC(CCCCCCCCCCCCCCC)=O
PI(34:2),[C@]([H])(OC(CCCCCCCCCCC/C=C\C/C=C\CCCCC)=O)(COP(=O)(O)O[C@@H]1C(O)[C@H](O)C(O)C(O)C1O)COC(CCCCCCCCCCC)=O
TG(55:5),C(OC(=O)CCCCC/C=C\C/C=C\C/C=C\C/C=C\CCCCC)[C@]([H])(OC(CCCCCCC/C=C\CCCCCCC)=O)COC(CCCCCCCCCCCCCCC)=O
PI(38:5),[C@]([H])(OC(CCCC/C=C\C/C=C\C/C=C\CCCCC)=O)(COP(=O)(O)O[C@@H]1C(O)[C@H](O)C(O)C(O)C1O)COC(CCCCCCCCC/C=C\C/C=C\CCCCC)=O
PE(18:0/22:5),[C@](COP(=O)(O)OCCN)([H])(OC(CCCCCCCCC/C=C\CCCCCCCCCC)=O)COC(CCCC/C=C\C/C=C\C/C=C\C/C=C\CC)=O
PS(18:0/18:1),C(O)(=O)[C@@]([H])(N)COP(OC[C@]([H])(OC(CCCCCCCCCCCCCCCCCCC)=O)COC(CCCCCCC/C=C\CCCCCC)=O)(=O)O
CYPERMETHRIN,CC1(C(C1C(=O)OC(C#N)C2=CC(=CC=C2)OC3=CC=CC=C3)C=C(Cl)Cl)C
PC(16:0/19:0),[C@](COP(=O)([O-])OCC[N+](C)(C)C)([H])(OC(CCCCCCCCCCCCCCCCCCCCCC)=O)COC(CCCCCCCCCCC)=O
PC(20:3/22:6),[C@](COP(=O)([O-])OCC[N+](C)(C)C)([H])(OC(CCCCCC/C=C\C/C=C\C/C=C\CCCCC)=O)COC(CC/C=C\C/C=C\C/C=C\C/C=C\C/C=C\C/C=C\CC)=O
PE(20:2/22:6),[C@](COP(=O)(O)OCCN)([H])(OC(CCCCC/C=C\C/C=C\C/C=C\C/C=C\CCCCC)=O)COC(CCC/C=C\C/C=C\C/C=C\C/C=C\CCCCC)=O
CORTICOSTERONE,C[C@]12CCC(=O)C=C1CC[C@@H]3[C@@H]2[C@H](C[C@]4([C@H]3CC[C@@H]4C(=O)CO)C)O
Glycolithocholic acid,C[C@H](CCC(=O)NCC(=O)O)[C@H]1CC[C@@H]2[C@@]1(CC[C@H]3[C@H]2CC[C@H]4[C@@]3(CC[C@H](C4)O)C)C
PE(40:9),[C@](COP(=O)(O)OCCN)([H])(OC(CCC/C=C\C/C=C\C/C=C\C/C=C\CCCCC)=O)COC(CCC/C=C\C/C=C\C/C=C\C/C=C\C/C=C\CC)=O
DGDG(29:0),C(O[C@@H]1O[C@H](CO[C@H]2O[C@H](CO)[C@H](O)C(O)C2O)[C@H](O)C(O)C1O)[C@]([H])(OC(CCCCCCCCCCCCCC)=O)COC(CCCCCCCCCCCCCCC)=O
TG(56:3),C(OC(=O)CCCCCCCCC/C=C\CCCCCCCCCC)[C@]([H])(OC(CCCCCCC/C=C\CCCCCCC)=O)COC(CCCCCCC/C=C\CCCCCCC)=O
TG(58:8),C(OC(=O)CCCCCCCC/C=C\C/C=C\C/C=C\CCCCC)[C@]([H])(OC(CCCCCCC/C=C\C/C=C\C/C=C\CC)=O)COC(CCCCCCC/C=C\C/C=C\CCCCC)=O
Lignoceric Acid,CCCCCCCCCCCCCCCCCCCCCCCC(=O)O
SM(34:2),[C@](COP(=O)([O-])OCC[N+](C)(C)C)([H])(NC(CC=CCCCCCCCCCCCC)=O)[C@]([H])(O)CC=CCCCCCCCCCCCC
Cer(d40:1),[C@](CO)([H])(NC(CCCCCCCCCCCCCCCCCCCCC)=O)[C@]([H])(O)CC=CCCCCCCCCCCCC
Lithocholic acid,C[C@H](CCC(=O)O)[C@H]1CC[C@@H]2[C@@]1(CC[C@H]3[C@H]2CC[C@H]4[C@@]3(CC[C@H](C4)O)C)C
PC(19:0/20:0),[C@](COP(=O)([O-])OCC[N+](C)(C)C)([H])(OC(CCCCCCCCCCCCCCCCCCCCC)=O)COC(CCCCCCCCCCCCCCCC)=O
LPE(17:1),[C@](COP(=O)(O)OCCN)([H])(O)COC(CCCCCCC/C=C\CCCCCCC)=O
PS(40:07),C(O)(=O)[C@@]([H])(N)COP(OC[C@]([H])(OC(CCCCCCC/C=C\C/C=C\C/C=C\CC)=O)COC(CCCCC/C=C\C/C=C\C/C=C\C/C=C\CCCCC)=O)(=O)O
LPC(22:1),[C@](COP(=O)([O-])OCC[N+](C)(C)C)([H])(O)COC(CCCCCCCCC/C=C\CCCCCCCCCC)=O
DG(30:1),OC[C@]([H])(OC(CCCCCCC/C=C\CCCCCC)=O)COC(CCCCCCCCCCCCC)=O
LPC(28:4),C[N+](C)(C)CCOP(OC[C@]([H])(O)COC(CC=CCC=CCC=CCC=CCCCCCCCCCCCCCCC)=O)(=O)O
2-AMINOISOBUTYRATE,CC(C)(C(=O)O)N
Acetyl-CoA,CC(=O)SCCNC(=O)CCNC(=O)[C@@H](C(C)(C)COP(=O)(O)OP(=O)(O)OC[C@@H]1[C@H]([C@H]([C@@H](O1)N2C=NC3=C2N=CN=C3N)O)OP(=O)(O)O)O
TG(60:8),C(OC(=O)CC/C=C\C/C=C\C/C=C\C/C=C\C/C=C\C/C=C\CC)[C@]([H])(OC(CCCCCCC/C=C\CCCCCCCCC)=O)COC(CCCCCCC/C=C\CCCCCCCCC)=O
PS(42:1),C(O)(=O)[C@@]([H])(N)COP(OC[C@]([H])(OC(CCCCCCCCC/C=C\CCCCCCCCCC)=O)COC(CCCCCCCCCCCCCCCCCCC)=O)(=O)O
PC(36:04),[C@](COP(=O)([O-])OCC[N+](C)(C)C)([H])(OC(CCCCCCC/C=C/C=C/C=C/C=C/CC)=O)COC(CCCCCCCCCCCCCCCCC)=O
Prostaglandin F2 alpha,CCCCC[C@@H](/C=C/[C@H]1[C@@H](C[C@@H]([C@@H]1C/C=C\CCCC(=O)O)O)O)O
PC(32:2),[C@](COP(=O)([O-])OCC[N+](C)(C)C)([H])(OC(CCCCCCCCC/C=C\C/C=C\CCC)=O)COC(CCCCCCCCCCCCC)=O
PC(42:2),[C@](COP(=O)([O-])OCC[N+](C)(C)C)([H])(OC(CCCCCCC/C=C\CCCCCCCC)=O)COC(CCCCCCCCCCCCC/C=C\CCCCCCCC)=O
PC(16:0),[C@](COP(=O)([O-])OCC[N+](C)(C)C)([H])(OC(C)=O)COC(CCCCCCCCCCCCC)=O
TG(43:2),C(OC(=O)CCCCCCC/C=C\C/C=C\CCCCC)[C@]([H])(OC(CCCCCCCCCCCC)=O)COC(CCCCCCCCCCC)=O
PS(32:2),C(O)(=O)[C@@]([H])(N)COP(OC[C@]([H])(OC(CCCCCCC/C=C\C/C=C\CCCCC)=O)COC(CCCCCCCCCCCCC)=O)(=O)O
PC(16:0/20:3),[C@](COP(=O)([O-])OCC[N+](C)(C)C)([H])(OC(CCCCCC/C=C/C/C=C/C/C=C/CCCCC)=O)COC(CCCCCCCCCCCCCCC)=O
PS(18:0/18:2),C(O)(=O)[C@@]([H])(N)COP(OC[C@]([H])(OC(CCCCCCC/C=C\C/C=C\CCCC)=O)COC(CCCCCCCCCCCCCCCCCC)=O)(=O)O
LPC(28:0),C[N+](C)(C)CCOP(OC[C@]([H])(O)COC(CCCCCCCCCCCCCCCCCCCCCCCCCCC)=O)(=O)O
TG(56:2),C(OC(=O)CCCCCCCCC/C=C\CCCCCCCCCC)[C@]([H])(OC(CCCCCCCCC/C=C\CCCCCCCCCC)=O)COC(CCCCCCCCCCC)=O
Androstenedione,C[C@]12CCC(=O)C=C1CC[C@@H]3[C@@H]2CC[C@]4([C@H]3CCC4=O)C
PC(o30:0),[C@](COP(=O)([O-])OCC[N+](C)(C)C)([H])(OC(CCCCCCCCCCCCCCC)=O)COCCCCCCCCCCCCCC
QUERCITRIN,C[C@H]1[C@@H]([C@H]([C@H]([C@@H](O1)OC2=C(OC3=CC(=CC(=C3C2=O)O)O)C4=CC(=C(C=C4)O)O)O)O)O
SM(32:2),[C@](COP(=O)([O-])OCC[N+](C)(C)C)([H])(NC(CC=CCCCCCCCCCC)=O)[C@]([H])(O)CC=CCCCCCCCCCCCC
PG(40:5),[H][C@](O)(CO)COP(OC[C@]([H])(OC(CCCCCCC/C=C\CCCCCCCC)=O)COC(CCCCC/C=C\C/C=C\C/C=C\C/C=C\CCCCC)=O)(=O)O
PC(38:03),[C@](COP(=O)([O-])OCC[N+](C)(C)C)([H])(OC(CCC/C=C\CCCC/C=C\C/C=C\CCCCC)=O)COC(CCCCCCCCCCCCCCCCC)=O
PE(34:2),[C@](COP(=O)(O)OCCN)([H])(OC(CCCCCCCCC/C=C\C/C=C\CCCCC)=O)COC(CCCCCCCCCCCCC)=O
DG(40:6),OC[C@]([H])(OC(CCCCC/C=C\C/C=C\C/C=C\C/C=C\CCCCC)=O)COC(CCCCCCC/C=C\C/C=C\CCCCC)=O
MEVALONATE,C[C@@](CCO)(CC(=O)[O-])O
PS(46:11),C(O)(=O)[C@@]([H])(N)COP(OC[C@]([H])(OC(CC=CCC=CCC=CCC=CCC=CCC=CCCCC)=O)COC(CC=CCC=CCC=CCC=CCC=CCC=CCC=CC)=O)(=O)O
PC(16:0/22:6),[C@](COP(=O)([O-])OCC[N+](C)(C)C)([H])(OC(CCC/C=C\C/C=C\C/C=C\CCCCCCCC)=O)COC(CCCC/C=C\C/C=C\C/C=C\CCCCC)=O
PS(17:1/21:2),C(O)(=O)[C@@]([H])(N)COP(OC[C@]([H])(OC(CCCCCCC/C=C\C/C=C\CCCCC)=O)COC(CCCCCCCCC/C=C\CCCCCCCC)=O)(=O)O
trans-cinnamate,C1=CC=C(C=C1)/C=C/C(=O)O
PC(26:0/18:1),[C@](COP(=O)([O-])OCC[N+](C)(C)C)([H])(OC(CCCCCCCCC/C=C\CCCCCCCCCC)=O)COC(CCCCCCCCCCCCCCCCCCCCC)=O
SM(d31:0),[C@](COP(=O)([O-])OCC[N+](C)(C)C)([H])(NC(CCCCCCCCCCCC)=O)[C@]([H])(O)CCCCCCCCCCCCCCC
PC(o19:0),[C@](COP(=O)([O-])OCC[N+](C)(C)C)([H])(OC(CC)=O)COCCCCCCCCCCCCCCCC
PE(o16:0/18:2),[C@](COP(=O)(O)OCCN)([H])(OC(CCCCCCC/C=C\CCCC)=O)CO/C=C\CCCCCCCCCCCCCCCCCC
CE(22:2),C(CCCCCCCC/C=C\C/C=C\CCCCC)CCC(O[C@@H]1CC2=CC[C@@]3([H])[C@]4([H])CC[C@]([H])([C@]([H])(C)CCCC(C)C)[C@@]4(C)CC[C@]3([H])[C@@]2(C)CC1)=O
PC(15:0/16:1),[C@](COP(=O)([O-])OCC[N+](C)(C)C)([H])(OC(CCCCCCC/C=C\CCCC)=O)COC(CCCCCCCCCCCCCCCC)=O
GlcCer(d18:1/24:0),[C@](CO[C@@H]1O[C@H](CO)[C@@H](O)C(O)C1O)([H])(NC(CCCCCCCCCCCCCCCCCCCCCCC)=O)[C@]([H])(O)CC=CCCCCCCCCCCCC
Rutin,C[C@H]1[C@@H]([C@H]([C@H]([C@@H](O1)OC[C@@H]2[C@H]([C@@H]([C@H]([C@@H](O2)OC3=C(OC4=CC(=CC(=C4C3=O)O)O)C5=CC(=C(C=C5)O)O)O)O)O)O)O)O
SM(d36:3),[C@](COP(=O)([O-])OCC[N+](C)(C)C)([H])(NC(CC=CCC=CCCCCCCCCCCC)=O)[C@]([H])(O)CC=CCCCCCCCCCCCC
TG(49:2),C(OC(=O)CCCCCCCCCCCCCCCCCCCC)[C@]([H])(OC(CCCCCCC/C=C\CCCC)=O)COC(CCCCCCC/C=C\CCCC)=O
PC(35:02),[C@](COP(=O)([O-])OCC[N+](C)(C)C)([H])(OC(CCCCCCCCCCC/C=C\C/C=C\CCCCC)=O)COC(CCCCCCCCCCCC)=O
Isoliquiritigenin,C1=CC(=CC=C1/C=C/C(=O)C2=C(C=C(C=C2)O)O)O
DGDG(36:0),C(O[C@@H]1O[C@H](CO[C@H]2O[C@H](CO)[C@H](O)C(O)C2O)[C@H](O)C(O)C1O)[C@]([H])(OC(CCCCCCCCCCCCCCCCC)=O)COC(CCCCCCCCCCCCCCCCC)=O
PS(41:6),C(O)(=O)[C@@]([H])(N)COP(OC[C@]([H])(OC(CC/C=C\C/C=C\C/C=C\C/C=C\C/C=C\C/C=C\CC)=O)COC(CCCCCCCCCCCCCCCCCC)=O)(=O)O
PE(16:1/20:4),[C@](COP(=O)(O)OCCN)([H])(OC(CCCC/C=C\C/C=C\C/C=C\C/C=C\CC)=O)COC(CCCCCCC/C=C\CCCCCCCC)=O
LPS(18:1),C(O)(=O)[C@@]([H])(N)COP(OC[C@]([H])(O)COC(CCCCCCC/C=C\CCCCCCCC)=O)(=O)O
"6,2'-DIMETHOXYFLAVONE",COC1=CC2=C(C=C1)OC(=CC2=O)C3=CC=CC=C3OC
LPC(14:1),[C@](COP(=O)([O-])OCC[N+](C)(C)C)([H])(O)COC(CCCCCCC/C=C\CCCC)=O
NAE(24:4),C(/C/C=C\C/C=C\C(C)(C)CCCCCC)=C/C/C=C\CCCC(=O)NCCO
PC(16:1/18:1),[C@](COP(=O)([O-])OCC[N+](C)(C)C)([H])(OC(CCCCCCCCC/C=C\C/C=C\CCCCC)=O)COC(CCCCCCCCCCCCC)=O
PC(36:3),[C@](COP(=O)([O-])OCC[N+](C)(C)C)([H])(OC(CCCCCCCCC/C=C\CCCCCC)=O)COC(CCCCCCC/C=C\C/C=C\CCCCC)=O
Cer(d18:0/18:0),[C@](CO)([H])(NC(CCCCCCCCCCCCCCCCC)=O)[C@]([H])(O)CCCCCCCCCCCCCCC
SM(38:2),[C@](COP(=O)([O-])OCC[N+](C)(C)C)([H])(NC(CC=CCCCCCCCCCCCCCCCC)=O)[C@]([H])(O)CC=CCCCCCCCCCCCC
PE(39:2),[C@](COP(=O)(O)OCCN)([H])(OC(CCCCCCCCCCCCCCCCCC)=O)COC(CCCCCCCCC/C=C\C/C=C\CCCCC)=O
PC(20:1/22:6),[C@](COP(=O)([O-])OCC[N+](C)(C)C)([H])(OC(CCCCC/C=C\C/C=C\C/C=C\C/C=C\CCCCC)=O)COC(CCCCCC/C=C\C/C=C\C/C=C\CCCCC)=O
PS(38:2),C(O)(=O)[C@@]([H])(N)COP(OC[C@]([H])(OC(CCCCCCCCC/C=C\CCCCCCCCCC)=O)COC(CCCCCCC/C=C\CCCCCC)=O)(=O)O
GlcCer(42:1),[C@](CO[C@@H]1O[C@H](CO)[C@@H](O)C(O)C1O)([H])(NC(CCCCCCCCCCCCCCCCCCCCCCC)=O)[C@]([H])(O)CC=CCCCCCCCCCCCC
FINASTERIDE,C[C@]12CC[C@H]3[C@H]([C@@H]1CC[C@@H]2C(=O)NC(C)(C)C)CC[C@@H]4[C@@]3(C=CC(=O)N4)C
RETINOATE,CC1=C(C(CCC1)(C)C)/C=C/C(=C/C=C/C(=C/C(=O)O)/C)/C
DGDG(34:1),C(O[C@@H]1O[C@H](CO[C@H]2O[C@H](CO)[C@H](O)C(O)C2O)[C@H](O)C(O)C1O)[C@]([H])(OC(CC=CCCCCCCCCCCCCC)=O)COC(CC=CCC=CCCCCCCCCCC)=O
PI(36:2),[C@]([H])(OC(CCCCCCCCC/C=C\CCCCCCCCCC)=O)(COP(=O)(O)O[C@@H]1C(O)[C@H](O)C(O)C(O)C1O)COC(CCCCCCC/C=C\CCCC)=O
PS(41:7),C(O)(=O)[C@@]([H])(N)COP(OC[C@]([H])(OC(CCCCCCC/C=C\CCCCCCCCC)=O)COC(CC/C=C\C/C=C\C/C=C\C/C=C\C/C=C\C/C=C\CC)=O)(=O)O
PE(34:03),[C@](COP(=O)(O)OCCN)([H])(OC(CCCCCCC/C=C\C/C=C\C/C=C\CC)=O)COC(CCCCCCCCCCCCCCC)=O
Mevalonic Acid,C[C@@](CCO)(CC(=O)O)O
TG(59:2),C(OC(=O)CCCCCCCCCCCCCCCCCCCCC)[C@]([H])(OC(CCCCCCCCCCCCCCCCCCC)=O)COC(CCCCCCC/C=C\C/C=C\CCCC)=O
PC(18:3/22:6),[C@](COP(=O)([O-])OCC[N+](C)(C)C)([H])(OC(CCC/C=C\C/C=C\C/C=C\C/C=C\CCCCC)=O)COC(CCC/C=C\C/C=C\C/C=C\C/C=C\C/C=C\CC)=O
PE(42:07),[C@](COP(=O)(O)OCCN)([H])(OC(CC/C=C\C/C=C\C/C=C\C/C=C\C/C=C\C/C=C\CC)=O)COC(CCCCCCCCC/C=C\CCCCCCCC)=O
PE(42:4),[C@](COP(=O)(O)OCCN)([H])(OC(CCCCCCCCCCC/C=C\C/C=C\CCCCC)=O)COC(CCCCCCCCC/C=C\C/C=C\CCCCC)=O
TG(58:0),C(OC(=O)CCCCCCCCCCCCCCCCCCCC)[C@]([H])(OC(CCCCCCCCCCCCCCCCCC)=O)COC(CCCCCCCCCCCCCCCCC)=O
PC(18:0/18:3),[C@](COP(=O)([O-])OCC[N+](C)(C)C)([H])(OC(CCC/C=C\C/C=C\C/C=C\CCCCCCCC)=O)COC(CCCCCCCCCCCCCCC)=O
PE(42:9),[C@](COP(=O)(O)OCCN)([H])(OC(CCCCC/C=C\C/C=C\C/C=C\C/C=C\CCCCC)=O)COC(CCC/C=C\C/C=C\C/C=C\C/C=C\C/C=C\CC)=O
PE(39:4),[C@](COP(=O)(O)OCCN)([H])(OC(CCCCC/C=C\C/C=C\C/C=C\C/C=C\CCCCC)=O)COC(CCCCCCCCCCCCCCCC)=O
TG(49:0),C(OC(=O)CCCCCCCCCCCCCCCCC)[C@]([H])(OC(CCCCCCCCCCCCCCCCC)=O)COC(CCCCCCCCCCCC)=O
PC(16:1/18:2),[C@](COP(=O)([O-])OCC[N+](C)(C)C)([H])(OC(CCCCCCC/C=C\CCCCCCC)=O)COC(CCCCCCC/C=C\C/C=C\CCCC)=O
CLOBETASOL PROPIONATE,CCC(=O)O[C@@]1([C@H](C[C@@H]2[C@@]1(C[C@@H]([C@]3([C@H]2CCC4=CC(=O)C=C[C@@]43C)F)O)C)C)C(=O)CCl
PE(17:1/18:1),[C@](COP(=O)(O)OCCN)([H])(OC(CCCCCCC/C=C\CCCCCCCC)=O)COC(CCCCCCC/C=C\CCCCCCC)=O
PC(41:5),[C@](COP(=O)([O-])OCC[N+](C)(C)C)([H])(OC(CCCCC/C=C\C/C=C\C/C=C\C/C=C\CCCCC)=O)COC(CCCCCCC/C=C\CCCCCCCCC)=O
PE(22:4),NCCOP(OC[C@]([H])(OC(CC=CCC=CCCCC)=O)COC(CC=CCC=CCCCC)=O)(=O)O
LPE(16:1/0:0),CCCCCC/C=C/CCCCCCCC(=O)OC[C@@H](O)CO[P]([O-])(=O)OCC[NH3+]
PC(36:2),[C@](COP(=O)([O-])OCC[N+](C)(C)C)([H])(OC(CCCCCCCCC/C=C\CCCCCC)=O)COC(CCCCCCC/C=C\CCCCCCCC)=O
PS(51:15),C(O)(=O)[C@@]([H])(N)COP(OC[C@]([H])(OC(CC=CCC=CCC=CCC=CCC=CCC=CCC=CCC=CC)=O)COC(CC=CCC=CCC=CCC=CCC=CCC=CCC=CCC=CCC=CC)=O)(=O)O
TG(43:1),C(OC(=O)CCCCCCCCCCCCCC)[C@]([H])(OC(CCCCCCC/C=C\CCCC)=O)COC(CCCCCCCCCCCCC)=O
LIPOAMIDE,C1CSSC1CCCCC(=O)N
PC(17:1/20:4),[C@](COP(=O)([O-])OCC[N+](C)(C)C)([H])(OC(CCCCCCCCCCCCCCCC)=O)COC(CCC/C=C\C/C=C\C/C=C\C/C=C\C/C=C\CC)=O
TACROLIMUS,C[C@@H]1C[C@@H]([C@@H]2[C@H](C[C@H]([C@@](O2)(C(=O)C(=O)N3CCCC[C@H]3C(=O)O[C@@H]([C@@H]([C@H](CC(=O)[C@@H](/C=C(/C1)\C)CC=C)O)C)/C(=C/[C@@H]4CC[C@H]([C@@H](C4)OC)O)/C)O)C)OC)OC
PC(21:2/20:4),[C@](COP(=O)([O-])OCC[N+](C)(C)C)([H])(OC(CC/C=C\C/C=C\C/C=C\C/C=C\C/C=C\C/C=C\CC)=O)COC(CCCCCCCCCCCCCCCCCC)=O
LPC(24:3),C[N+](C)(C)CCOP(OC[C@]([H])(O)COC(CC=CCC=CCC=CCCCCCCCCCCCCCC)=O)(=O)O
TG(54:1),C(OC(=O)CCCCCCCCCCCCCCCCCCC)[C@]([H])(OC(CCCCCCCCCCCCCCCCCCC)=O)COC(CCCCCCC/C=C\CCCC)=O
PC(34:2),[C@](COP(=O)([O-])OCC[N+](C)(C)C)([H])(OC(CCCCCCC/C=C\CCCCCC)=O)COC(CCCCCCCCC/C=C\CCCCCC)=O
PC(44:12),[C@](COP(=O)([O-])OCC[N+](C)(C)C)([H])(OC(CC/C=C\C/C=C\C/C=C\C/C=C\C/C=C\C/C=C\CC)=O)COC(CC/C=C\C/C=C\C/C=C\C/C=C\C/C=C\C/C=C\CC)=O
LPE(16:0),C(OP(OCCN)(O)=O)[C@]([H])(OC(=O)CCCCCCCCCCCCCCC)CO
Taurohyodeoxycholic acid,C[C@H](CCC(=O)NCCS(=O)(=O)O)[C@H]1CC[C@@H]2[C@@]1(CC[C@H]3[C@H]2C[C@@H]([C@H]4[C@@]3(CC[C@H](C4)O)C)O)C
PC(36:5),[C@](COP(=O)([O-])OCC[N+](C)(C)C)([H])(OC(CC/C=C\C/C=C\C/C=C\C/C=C\C/C=C\CCCCC)=O)COC(CCCCCCCCCCCCC)=O
Cer(40:2),[C@](CO)([H])(NC(CC=CCCCCCCCCCCCCCCCCCC)=O)[C@]([H])(O)CC=CCCCCCCCCCCCC
GlcCer(38:0),[C@](CO[C@@H]1O[C@H](CO)[C@@H](O)C(O)C1O)([H])(NC(CCCCCCCCCCCCCCCCCCC)=O)[C@]([H])(O)CCCCCCCCCCCCCCC
SM(d32:2),[C@](COP(=O)([O-])OCC[N+](C)(C)C)([H])(NC(CC=CCCCCCCCCCC)=O)[C@]([H])(O)CC=CCCCCCCCCCCCC
